-- Generation time: Tue, 25 Aug 2020 14:45:08 +0000
-- Host: mysql.hostinger.ro
-- DB name: u574849695_21
/*!40030 SET NAMES UTF8 */;
/*!40101 SET @OLD_CHARACTER_SET_CLIENT=@@CHARACTER_SET_CLIENT */;
/*!40101 SET @OLD_CHARACTER_SET_RESULTS=@@CHARACTER_SET_RESULTS */;
/*!40101 SET @OLD_COLLATION_CONNECTION=@@COLLATION_CONNECTION */;
/*!40103 SET @OLD_TIME_ZONE=@@TIME_ZONE */;
/*!40103 SET TIME_ZONE='+00:00' */;
/*!40014 SET @OLD_UNIQUE_CHECKS=@@UNIQUE_CHECKS, UNIQUE_CHECKS=0 */;
/*!40014 SET @OLD_FOREIGN_KEY_CHECKS=@@FOREIGN_KEY_CHECKS, FOREIGN_KEY_CHECKS=0 */;
/*!40101 SET @OLD_SQL_MODE=@@SQL_MODE, SQL_MODE='NO_AUTO_VALUE_ON_ZERO' */;
/*!40111 SET @OLD_SQL_NOTES=@@SQL_NOTES, SQL_NOTES=0 */;

DROP TABLE IF EXISTS `customers`;
CREATE TABLE `customers` (
  `id` bigint(20) NOT NULL,
  `firstname` varchar(50) COLLATE utf8_unicode_ci DEFAULT NULL,
  `lastname` varchar(50) COLLATE utf8_unicode_ci DEFAULT NULL,
  `email` varchar(120) COLLATE utf8_unicode_ci DEFAULT NULL,
  `phone` bigint(20) unsigned DEFAULT NULL,
  `address` varchar(120) COLLATE utf8_unicode_ci DEFAULT NULL,
  `date_one_order` datetime DEFAULT NULL,
  `last_order_date` datetime DEFAULT current_timestamp(),
  `last_link` datetime DEFAULT current_timestamp(),
  PRIMARY KEY (`id`),
  UNIQUE KEY `email` (`email`),
  UNIQUE KEY `phone` (`phone`),
  KEY `customers_firstname_lastname_idx` (`firstname`,`lastname`)
) ENGINE=InnoDB DEFAULT CHARSET=utf8 COLLATE=utf8_unicode_ci;

INSERT INTO `customers` VALUES ('0','Gerard','Braun','uriah43@example.net','89125908027','762 Donnelly Crossroad Suite 459\nNew Darlenebury, IN 04451','2016-08-31 16:39:15','1982-01-18 07:12:53','1982-01-17 16:21:30'); 

INSERT INTO `customers` (id, firstname, lastname, email, phone, address, date_one_order, last_order_date, last_link)
values

('1','Gerard','Braun','riah43@example.net','89235908027','766 Donnelly Crossroad Suite 459\nNew Darlenebury, IN 04451','2016-08-31 16:39:15','1982-01-18 07:12:53','1982-01-17 16:21:30'),
('2','Gerard','Braun','uiah43@example.net','89335908027','768 Donnelly Crossroad Suite 459\nNew Darlenebury, IN 04451','2016-08-31 16:39:15','1982-01-18 07:12:53','1982-01-17 16:21:30'),
('3','Gerarp','Braun','urah43@example.net','89435908027','769 Donnelly Crossroad Suite 459\nNew Darlenebury, IN 04451','2016-08-31 16:39:15','1982-01-18 07:12:53','1982-01-17 16:21:30'),
('4','Gerard','Braun','urih43@example.net','89535908027','770 Donnelly Crossroad Suite 459\nNew Darlenebury, IN 04451','2016-08-31 16:39:15','1982-01-18 07:12:53','1982-01-17 16:21:30'),
('5','Gerard','Braun','uria43@example.net','89635908027','766 Donnelly Crossroad Suite 459\nNew Darlenebury, IN 04451','2016-08-31 16:39:15','1982-01-18 07:12:53','1982-01-17 16:21:30'),
('6','Gerard','Braun','uriah3@example.net','89735908027','768 Donnelly Crossroad Suite 459\nNew Darlenebury, IN 04451','2016-08-31 16:39:15','1982-01-18 07:12:53','1982-01-17 16:21:30'),
('7','Gerarp','Braun','uriah4@example.net','89835908027','769 Donnelly Crossroad Suite 459\nNew Darlenebury, IN 04451','2016-08-31 16:39:15','1982-01-18 07:12:53','1982-01-17 16:21:30'),
('8','Gerard','Braun','uriah43@xample.net','89935908027','770 Donnelly Crossroad Suite 459\nNew Darlenebury, IN 04451','2016-08-31 16:39:15','1982-01-18 07:12:53','1982-01-17 16:21:30'),
('9','Gerard','Braun','uriah43@eample.net','89115908027','766 Donnelly Crossroad Suite 459\nNew Darlenebury, IN 04451','2016-08-31 16:39:15','1982-01-18 07:12:53','1982-01-17 16:21:30'),
('10','Gerard','Braun','uriah43@exmple.net','89225908027','768 Donnelly Crossroad Suite 459\nNew Darlenebury, IN 04451','2016-08-31 16:39:15','1982-01-18 07:12:53','1982-01-17 16:21:30'),
('11','Gerarp','Braun','uriah43@exaple.net','89145908027','769 Donnelly Crossroad Suite 459\nNew Darlenebury, IN 04451','2016-08-31 16:39:15','1982-01-18 07:12:53','1982-01-17 16:21:30'),
('12','Gerard','Braun','uriah43@examle.net','89155908027','770 Donnelly Crossroad Suite 459\nNew Darlenebury, IN 04451','2016-08-31 16:39:15','1982-01-18 07:12:53','1982-01-17 16:21:30'),
('13','Gerard','Braun','uriah43@exampe.net','89165908027','766 Donnelly Crossroad Suite 459\nNew Darlenebury, IN 04451','2016-08-31 16:39:15','1982-01-18 07:12:53','1982-01-17 16:21:30'),
('14','Gerard','Braun','uriah43@exampl.net','89175908027','768 Donnelly Crossroad Suite 459\nNew Darlenebury, IN 04451','2016-08-31 16:39:15','1982-01-18 07:12:53','1982-01-17 16:21:30'),
('15','Gerarp','Braun','uriah43@example.et','89185908027','769 Donnelly Crossroad Suite 459\nNew Darlenebury, IN 04451','2016-08-31 16:39:15','1982-01-18 07:12:53','1982-01-17 16:21:30'),
('16','Gerard','Braun','uriah43@example.nt','89195908027','770 Donnelly Crossroad Suite 459\nNew Darlenebury, IN 04451','2016-08-31 16:39:15','1982-01-18 07:12:53','1982-01-17 16:21:30'),
('17','Gerard','Braun','uriah43@example.ne','891105908027','766 Donnelly Crossroad Suite 459\nNew Darlenebury, IN 04451','2016-08-31 16:39:15','1982-01-18 07:12:53','1982-01-17 16:21:30'),
('18','Gerard','Braun','auriah43@example.net','89131908027','768 Donnelly Crossroad Suite 459\nNew Darlenebury, IN 04451','2016-08-31 16:39:15','1982-01-18 07:12:53','1982-01-17 16:21:30'),
('19','Gerarp','Braun','quriah43@example.net','89132908027','769 Donnelly Crossroad Suite 459\nNew Darlenebury, IN 04451','2016-08-31 16:39:15','1982-01-18 07:12:53','1982-01-17 16:21:30'),
('20','Gerard','Braun','wuriah43@example.net','89133908027','770 Donnelly Crossroad Suite 459\nNew Darlenebury, IN 04451','2016-08-31 16:39:15','1982-01-18 07:12:53','1982-01-17 16:21:30'),
('21','Gerard','Braun','euriah43@example.net','89134908027','766 Donnelly Crossroad Suite 459\nNew Darlenebury, IN 04451','2016-08-31 16:39:15','1982-01-18 07:12:53','1982-01-17 16:21:30'),
('22','Gerard','Braun','luriah43@example.net','891388908027','768 Donnelly Crossroad Suite 459\nNew Darlenebury, IN 04451','2016-08-31 16:39:15','1982-01-18 07:12:53','1982-01-17 16:21:30'),
('23','Gerarp','Braun','ruriah43@example.net','89136908027','769 Donnelly Crossroad Suite 459\nNew Darlenebury, IN 04451','2016-08-31 16:39:15','1982-01-18 07:12:53','1982-01-17 16:21:30'),
('24','Gerard','Braun','turiah43@example.net','89137908027','770 Donnelly Crossroad Suite 459\nNew Darlenebury, IN 04451','2016-08-31 16:39:15','1982-01-18 07:12:53','1982-01-17 16:21:30'),
('25','Gerard','Braun','yuriah43@example.net','89138908027','766 Donnelly Crossroad Suite 459\nNew Darlenebury, IN 04451','2016-08-31 16:39:15','1982-01-18 07:12:53','1982-01-17 16:21:30'),
('26','Gerard','Braun','uuriah43@example.net','89139908027','768 Donnelly Crossroad Suite 459\nNew Darlenebury, IN 04451','2016-08-31 16:39:15','1982-01-18 07:12:53','1982-01-17 16:21:30'),
('27','Gerarp','Braun','iuriah43@example.net','891399918027','769 Donnelly Crossroad Suite 459\nNew Darlenebury, IN 04451','2016-08-31 16:39:15','1982-01-18 07:12:53','1982-01-17 16:21:30'),
('28','Gerard','Braun','ouriah43@example.net','89135902027','770 Donnelly Crossroad Suite 459\nNew Darlenebury, IN 04451','2016-08-31 16:39:15','1982-01-18 07:12:53','1982-01-17 16:21:30'),
('29','Gerard','Braun','puriah43@example.net','89135908327','766 Donnelly Crossroad Suite 459\nNew Darlenebury, IN 04451','2016-08-31 16:39:15','1982-01-18 07:12:53','1982-01-17 16:21:30'),
('30','Gerard','Braun','duriah43@example.net','89135908527','768 Donnelly Crossroad Suite 459\nNew Darlenebury, IN 04451','2016-08-31 16:39:15','1982-01-18 07:12:53','1982-01-17 16:21:30'),
('31','Gerarp','Braun','suriah43@example.net','89135908927','769 Donnelly Crossroad Suite 459\nNew Darlenebury, IN 04451','2016-08-31 16:39:15','1982-01-18 07:12:53','1982-01-17 16:21:30'),
('32','Gerard','Braun','furiah43@example.net','8913590727','770 Donnelly Crossroad Suite 459\nNew Darlenebury, IN 04451','2016-08-31 16:39:15','1982-01-18 07:12:53','1982-01-17 16:21:30');

DROP TABLE IF EXISTS `likes`;
CREATE TABLE `likes` (
  `id` bigint(20) unsigned NOT NULL AUTO_INCREMENT,
  `customers_name` bigint(20) NOT NULL,
  `media_id` bigint(20) unsigned NOT NULL,
  `created_at` datetime DEFAULT current_timestamp(),
  UNIQUE KEY `id` (`id`),
  KEY `customers_name` (`customers_name`),
  KEY `media_id` (`media_id`),
  CONSTRAINT `likes_ibfk_1` FOREIGN KEY (`customers_name`) REFERENCES `customers` (`id`),
  CONSTRAINT `likes_ibfk_2` FOREIGN KEY (`media_id`) REFERENCES `media` (`id`)
) ENGINE=InnoDB AUTO_INCREMENT=101 DEFAULT CHARSET=utf8 COLLATE=utf8_unicode_ci;

INSERT INTO `likes` VALUES ('1','0','1','1998-07-30 06:55:02'),
('2','0','2','1997-09-26 19:02:40'),
('3','0','3','2004-11-05 21:02:31'),
('4','0','4','1980-04-16 16:00:08'),
('5','0','5','2013-09-26 00:11:50'),
('6','0','6','1986-06-22 22:42:46'),
('7','0','7','1985-04-17 05:30:11'),
('8','0','8','2001-06-18 20:48:47'),
('9','0','9','2016-05-24 18:48:36'),
('10','0','10','2019-04-07 07:00:31'),
('11','0','11','1979-08-31 12:14:13'),
('12','0','12','1988-05-11 15:53:34'),
('13','0','13','1974-10-19 08:11:32'),
('14','0','14','2016-09-27 19:34:14'),
('15','0','15','2001-05-02 08:50:14'),
('16','0','16','1976-04-29 18:13:19'),
('17','0','17','1991-12-15 08:23:10'),
('18','0','18','1998-03-17 01:30:51'),
('19','0','19','2017-10-19 22:15:02'),
('20','0','20','1980-08-10 21:16:55'),
('21','0','21','2017-10-10 11:10:21'),
('22','0','22','1984-08-30 15:08:53'),
('23','0','23','2007-02-27 01:01:11'),
('24','0','24','1990-03-08 23:40:31'),
('25','0','25','2006-07-17 19:24:51'),
('26','0','26','2009-01-27 10:18:08'),
('27','0','27','1985-04-06 03:46:21'),
('28','0','28','1997-01-19 00:54:40'),
('29','0','29','1985-06-03 06:08:06'),
('30','0','30','2006-04-26 15:04:28'),
('31','0','31','2000-02-15 15:21:34'),
('32','0','32','2012-12-08 07:32:56'),
('33','0','33','2008-11-10 20:49:27'),
('34','0','34','1980-03-23 08:36:31'),
('35','0','35','1975-05-29 15:03:55'),
('36','0','36','1977-03-19 00:21:01'),
('37','0','37','1972-02-07 02:26:06'),
('38','0','38','1978-10-15 13:10:20'),
('39','0','39','2006-01-23 16:06:00'),
('40','0','40','2000-03-08 21:21:32'),
('41','0','41','1981-11-16 19:24:58'),
('42','0','42','1984-02-23 14:39:57'),
('43','0','43','2000-02-15 21:27:31'),
('44','0','44','2015-03-28 13:36:43'),
('45','0','45','1978-03-22 06:02:53'),
('46','0','46','2015-04-03 00:20:35'),
('47','0','47','2012-01-01 16:03:16'),
('48','0','48','1981-12-25 05:12:51'),
('49','0','49','2007-07-23 16:46:25'),
('50','0','50','1996-02-04 23:28:25'),
('51','0','51','2012-04-25 19:50:30'),
('52','0','52','2004-08-26 21:19:34'),
('53','0','53','2011-05-19 10:31:19'),
('54','0','54','1994-07-21 00:55:08'),
('55','0','55','1985-01-29 18:49:18'),
('56','0','56','1984-01-09 17:51:21'),
('57','0','57','2012-06-20 17:05:32'),
('58','0','58','2012-02-09 06:48:25'),
('59','0','59','1970-01-28 09:44:16'),
('60','0','60','2009-11-05 23:35:51'),
('61','0','61','2000-03-15 03:49:58'),
('62','0','62','1997-07-04 01:54:07'),
('63','0','63','1998-05-12 09:50:08'),
('64','0','64','2016-01-03 13:40:32'),
('65','0','65','1997-12-17 13:58:52'),
('66','0','66','1972-11-13 02:32:24'),
('67','0','67','2014-07-11 07:52:19'),
('68','0','68','2001-03-28 07:59:16'),
('69','0','69','2019-10-24 04:33:11'),
('70','0','70','2014-02-21 04:06:34'),
('71','0','71','1977-08-10 07:13:12'),
('72','0','72','2007-05-12 03:18:45'),
('73','0','73','1984-09-06 09:31:58'),
('74','0','74','1976-11-27 20:26:15'),
('75','0','75','1998-11-10 05:21:55'),
('76','0','76','2006-08-11 12:36:03'),
('77','0','77','1992-11-27 17:49:18'),
('78','0','78','2017-02-16 23:34:54'),
('79','0','79','1999-11-15 19:35:32'),
('80','0','80','1977-10-27 01:37:38'),
('81','0','81','2006-11-16 13:00:40'),
('82','0','82','2018-09-28 19:40:50'),
('83','0','83','2001-03-04 15:40:21'),
('84','0','84','2015-03-14 09:51:27'),
('85','0','85','2019-11-23 16:48:28'),
('86','0','86','1977-04-21 23:40:23'),
('87','0','87','1976-11-14 21:40:15'),
('88','0','88','2000-04-30 01:44:51'),
('89','0','89','1997-12-27 19:32:50'),
('90','0','90','1971-04-14 13:04:39'),
('91','0','91','1985-10-18 22:18:47'),
('92','0','92','2009-11-30 00:14:56'),
('93','0','93','1981-08-20 13:07:43'),
('94','0','94','1975-08-17 13:22:13'),
('95','0','95','2018-12-01 01:59:23'),
('96','0','96','1979-07-09 11:11:05'),
('97','0','97','1971-01-02 09:07:39'),
('98','0','98','1993-08-01 22:32:22'),
('99','0','99','1979-09-06 06:39:08'),
('100','0','100','1995-11-09 14:29:39'); 


DROP TABLE IF EXISTS `media`;
CREATE TABLE `media` (
  `id` bigint(20) unsigned NOT NULL AUTO_INCREMENT,
  `media_type_id` bigint(20) unsigned NOT NULL,
  `body` text COLLATE utf8_unicode_ci DEFAULT NULL,
  `filename` varchar(255) COLLATE utf8_unicode_ci DEFAULT NULL,
  `size` int(11) DEFAULT NULL,
  `metadata` longtext CHARACTER SET utf8mb4 COLLATE utf8mb4_bin DEFAULT NULL CHECK (json_valid(`metadata`)),
  `created_at` datetime DEFAULT current_timestamp(),
  `updated_at` datetime DEFAULT NULL ON UPDATE current_timestamp(),
  UNIQUE KEY `id` (`id`)
) ENGINE=InnoDB AUTO_INCREMENT=101 DEFAULT CHARSET=utf8 COLLATE=utf8_unicode_ci;

INSERT INTO `media` VALUES ('1','0','Impedit nihil temporibus facere. Autem adipisci alias sunt in. Consequuntur nihil sit ipsam ut ad eum aut non. Aliquid veniam dolorum minima eos molestiae qui at.','voluptatibus','3839',NULL,'1971-03-12 12:00:29','2002-04-15 21:57:26'),
('2','0','Amet ut ipsa beatae aut. Nobis impedit placeat magnam delectus exercitationem.','quia','5736130',NULL,'2017-06-20 21:43:44','1988-06-02 07:25:49'),
('3','0','Dolor voluptates quia sit corrupti. In qui voluptatibus dolorum et rerum inventore sed. Quisquam voluptatum ex consequatur sed praesentium vitae.','qui','0',NULL,'1976-10-07 19:59:10','1993-11-29 04:33:29'),
('4','0','Neque mollitia dolor quidem ab voluptas et et. Incidunt iste placeat reprehenderit adipisci rem quos incidunt. Corrupti qui recusandae dolorum dolorem et quia dolorem.','consequatur','30670',NULL,'1976-02-21 06:05:03','2000-05-14 13:03:16'),
('5','0','Molestiae dignissimos dolores eos ratione totam libero. Mollitia qui veritatis quia sed totam et. Dolor eveniet quaerat perspiciatis harum mollitia.','ipsam','744',NULL,'2007-03-31 09:11:46','1987-11-03 02:40:08'),
('6','0','Sed quia quaerat in culpa nisi neque. Praesentium et quibusdam libero nemo deleniti. Sequi cumque in sit soluta non est est. Eos maiores vel illum. Ut voluptatum quae nostrum in nam cumque blanditiis.','nihil','586780',NULL,'2015-01-18 05:12:53','1983-11-23 14:33:07'),
('7','0','Voluptatem tempore culpa sunt rerum doloribus. Modi voluptatem quo voluptates nemo. Ut qui occaecati cupiditate voluptate.','repellat','87136727',NULL,'2000-01-21 02:34:55','1982-10-17 14:15:50'),
('8','0','Consequatur maxime sint officiis doloremque esse ipsam facilis. Voluptas odio delectus distinctio eum est. Ut dolorem rerum officiis recusandae eos dolorem. Qui libero est dignissimos delectus est omnis.','aut','50057548',NULL,'2009-10-11 19:11:38','1999-06-19 15:00:53'),
('9','0','Nulla aliquam minima esse rerum quas tempore qui. Provident doloribus et molestiae voluptas labore voluptatibus non. Aut eius provident explicabo dolorem quo necessitatibus.','sit','365',NULL,'1975-12-10 16:28:34','1985-07-31 23:59:59'),
('10','0','Illo sed ut excepturi. Molestiae suscipit non ea doloribus temporibus voluptatem. Sunt soluta tempora repellendus odit vel deserunt.','minima','97458205',NULL,'1972-11-15 22:19:55','2020-05-10 19:58:18'),
('11','0','Nisi aut quis iure aperiam nemo cumque. Natus quisquam excepturi est consequuntur. Et libero consequatur reprehenderit dolores. Voluptas quas blanditiis eos qui.','cupiditate','9570586',NULL,'2003-02-25 21:02:59','1974-08-14 03:45:12'),
('12','0','Modi ratione provident consequatur nihil. Non debitis rerum laborum aut officiis consectetur. Eligendi est sed nam culpa est commodi fugit. Dolor eveniet voluptatem aliquam a non incidunt. Quidem temporibus aut excepturi autem.','ullam','2810547',NULL,'2002-02-21 01:25:12','2016-10-11 16:47:29'),
('13','0','Voluptatum iste est natus reprehenderit dolorem rerum illum. Quo est aliquam amet atque unde placeat. Voluptatem aspernatur corporis enim nam. Cupiditate consequuntur officiis molestias repudiandae ratione.','corrupti','797058372',NULL,'2006-04-15 03:50:13','1991-08-19 21:08:51'),
('14','0','Omnis laboriosam enim esse corrupti perspiciatis minima pariatur. Voluptatem aperiam officia dolorem ullam asperiores ut. Atque enim vero ab sint. Illo ut eius quia dolore quod vero.','est','492981',NULL,'2016-12-19 02:20:26','1977-06-16 12:41:49'),
('15','0','Veritatis nostrum nulla hic repudiandae. Sed praesentium aspernatur eaque dolores voluptatem totam aspernatur. Repudiandae eligendi aut quia animi aspernatur expedita. Natus est eligendi fuga adipisci aut. Ut atque dolore nobis eius labore impedit ut est.','voluptatem','7747',NULL,'2007-06-20 11:34:17','2006-12-03 03:37:15'),
('16','0','Accusantium ea expedita at nesciunt non voluptatem consequatur. Molestiae aut aperiam recusandae earum vitae sunt veritatis sequi. Quia dolorem quos laboriosam qui maxime ut molestias.','qui','35650635',NULL,'2008-11-23 15:05:57','1989-07-02 05:10:50'),
('17','0','Voluptatibus est vel quae voluptates et atque. Libero numquam tenetur itaque nisi est. Sunt nobis omnis accusantium et.','dolore','4774750',NULL,'2003-08-28 13:32:03','2014-06-13 04:40:16'),
('18','0','Vitae sit voluptas magni aut id hic dolores. Repellendus explicabo necessitatibus expedita at. Sapiente quo alias sint qui. Sed aut quis officia in non dolorum accusantium quis.','dolores','844133',NULL,'1984-05-02 01:00:20','2013-05-17 19:38:26'),
('19','0','Odit ab explicabo harum nisi voluptate aut voluptatum praesentium. Iusto eos libero voluptate mollitia aspernatur fugiat. Ad quaerat nulla accusamus ut. Impedit voluptate aut sed deleniti.','molestias','257',NULL,'2011-06-19 21:15:40','2009-10-07 23:00:22'),
('20','0','Et dolorem eos alias totam. Excepturi error sapiente officia officia. Magnam repellat expedita reiciendis tempora excepturi hic odit nisi.','voluptatem','0',NULL,'1992-11-16 09:12:57','1990-01-25 01:39:25'),
('21','0','Cupiditate ea enim consequuntur molestiae. Dolorum maxime deserunt aut omnis nemo dolorem et illum. Esse voluptas maiores fugit earum magni. Repudiandae dignissimos voluptatem modi minima.','quibusdam','30',NULL,'1997-02-26 10:54:46','1983-05-26 21:44:02'),
('22','0','Molestiae rerum dolores iste cupiditate fugiat. Et recusandae ut ex animi beatae. Et dolorem non architecto.','quia','18441',NULL,'1972-10-25 18:14:11','2014-04-06 20:27:22'),
('23','0','Rerum eligendi natus consequatur aliquid veritatis quas neque delectus. Veritatis accusantium impedit voluptas. Dolores consectetur nihil consequatur non qui nihil error molestiae.','eveniet','212',NULL,'1976-10-13 14:51:36','2014-06-27 11:27:54'),
('24','0','Labore ea veritatis amet tenetur culpa aut. Possimus sit ipsa beatae. Exercitationem qui voluptatem ut maxime nesciunt.','debitis','95',NULL,'1992-04-29 04:11:49','1978-08-26 19:43:21'),
('25','0','Aut ipsum voluptatum deleniti id cum modi. Recusandae et quis ratione esse. Voluptatem velit quod eum pariatur reiciendis omnis.','placeat','1445949',NULL,'2008-04-19 05:29:07','1979-08-11 22:54:38'),
('26','0','Porro inventore libero tempore reprehenderit. Distinctio dignissimos labore fuga repudiandae dolor velit ut. Nihil ducimus cumque pariatur illo ut.','qui','596384',NULL,'2015-02-04 05:16:01','1981-03-13 06:15:52'),
('27','0','Necessitatibus voluptatem culpa nisi expedita quam accusamus. Quis deserunt et natus ut aut dignissimos incidunt itaque. Voluptatibus quia nisi aliquam voluptas sed maiores id.','quia','1194362',NULL,'1987-01-03 06:32:52','1978-02-20 11:31:03'),
('28','0','Ut impedit porro consequuntur excepturi laudantium quibusdam soluta. Sunt ad quia quae adipisci. Architecto officiis et recusandae autem assumenda consequatur rerum.','aliquam','63',NULL,'2011-10-24 00:05:31','1996-08-12 16:10:49'),
('29','0','Nemo quisquam iure repellendus voluptate qui molestias. Blanditiis et corrupti perferendis libero ipsam ab corrupti. Et quis non sit quam.','consequatur','17',NULL,'1984-10-07 14:24:03','1983-02-08 05:33:14'),
('30','0','Doloremque alias id dolores. Aut fuga iste similique quidem sit et.','ducimus','0',NULL,'1983-11-09 05:33:08','2017-04-19 00:46:29'),
('31','0','Fugit non repudiandae cumque occaecati neque qui. Soluta et quia sit minima aut consequatur minus. Et nulla provident dolor voluptatibus. Nihil excepturi adipisci exercitationem.','provident','47272720',NULL,'2004-07-24 10:42:28','2007-03-25 01:52:45'),
('32','0','Eum nemo fugit sint blanditiis ratione. Voluptatem officiis quibusdam eum libero praesentium. Maiores eum quo consequuntur et velit in explicabo.','voluptate','837',NULL,'2011-04-20 17:28:08','1977-03-31 04:16:02'),
('33','0','Totam qui hic deleniti deserunt suscipit id. Commodi expedita reiciendis et vel velit unde quis. Qui corporis unde ut placeat aspernatur quibusdam architecto. Repellendus eos atque quia qui.','vitae','9533',NULL,'2007-06-04 03:06:19','1995-05-25 14:09:59'),
('34','0','Est sapiente repellendus consectetur consequuntur. Vero cum natus et amet. Earum quia laboriosam velit sed fugiat.','alias','1061',NULL,'2007-09-04 10:40:24','1988-12-11 00:42:12'),
('35','0','Perferendis error ut placeat dolores molestias. Iusto temporibus necessitatibus fugit quia et. Voluptas eligendi recusandae repudiandae culpa quia repellat voluptate sit. Rerum perspiciatis inventore animi minus saepe neque dolores. Possimus quia dignissimos laboriosam et cumque alias qui incidunt.','enim','83',NULL,'1992-12-03 02:43:37','1975-01-26 14:40:15'),
('36','0','Ut adipisci et consequatur dolor. Consequatur non quaerat eos sunt rerum. Voluptatem a aspernatur labore modi. Delectus explicabo magnam alias velit.','soluta','7286',NULL,'2011-04-20 04:23:03','1998-01-31 07:55:10'),
('37','0','Aut omnis reiciendis et maiores. Adipisci nemo facilis ullam pariatur aspernatur. Eum deserunt vel voluptatem.','in','428',NULL,'1982-10-06 13:00:38','2010-02-28 15:34:40'),
('38','0','Accusantium necessitatibus est praesentium aperiam aut. Harum voluptatum nulla incidunt totam amet. Incidunt id incidunt nihil velit qui veniam nemo consequatur.','nostrum','54',NULL,'1974-04-04 21:26:00','1991-03-09 06:16:27'),
('39','0','Dolorem laudantium est eum sapiente debitis odit officiis. Ut est molestias sit enim qui. Nam consequuntur dignissimos dignissimos excepturi fuga. Voluptates nihil et ut quia aut eum.','aspernatur','312',NULL,'2013-07-17 10:06:42','1983-10-07 19:25:52'),
('40','0','Saepe consequatur dolorum quibusdam facere voluptatem. Magni ducimus voluptatem tenetur. Sequi qui perspiciatis enim sit quos. Qui quibusdam est unde rerum dolorum voluptas voluptatem.','dolores','93',NULL,'2019-01-20 16:29:12','1999-06-14 16:13:45'),
('41','0','Praesentium labore perspiciatis non omnis dolores. Culpa maiores dignissimos cum. Veritatis laborum et pariatur qui maiores eos doloribus.','repudiandae','15691',NULL,'1976-10-28 07:08:34','2014-01-29 16:52:59'),
('42','0','Dolor corporis magni quam sit voluptatibus repudiandae necessitatibus. Ea ipsam doloremque sequi aliquid. Voluptatem aspernatur magni maxime enim reiciendis a ex.','sed','955',NULL,'2016-09-24 17:42:25','1986-08-04 10:12:22'),
('43','0','Nihil recusandae debitis ad fugiat quo. Facilis perferendis error natus cumque. Minus omnis incidunt dolorem sapiente.','minus','88',NULL,'1977-02-22 15:33:45','1990-05-27 10:05:26'),
('44','0','Ratione consectetur autem perferendis repellendus qui maxime laboriosam voluptas. Magnam facilis ut itaque autem maxime. Debitis ut quia ut.','eligendi','62759410',NULL,'2009-08-01 22:36:49','1985-01-16 21:58:25'),
('45','0','Officia unde est est at. Corporis quia earum ducimus laborum est cumque.','quia','0',NULL,'1970-11-20 04:06:26','2018-05-09 00:49:49'),
('46','0','Praesentium quaerat eaque impedit laudantium sunt est quas voluptatem. Fugiat impedit dolor tenetur quis ipsum voluptatem. Ea unde corporis blanditiis dolores. Sit eum quos praesentium rem.','dicta','6528',NULL,'2012-11-27 02:15:56','2012-04-26 10:12:17'),
('47','0','Molestiae odio perspiciatis est nobis eaque. Corrupti consectetur nihil soluta id minus vel. Consequatur doloribus doloribus iure laudantium quidem.','quod','149489',NULL,'1993-12-17 21:20:50','2019-03-18 06:13:32'),
('48','0','Est illo necessitatibus omnis voluptas sed numquam. Aut modi iure et eaque dolor. Quia ut delectus alias perferendis nostrum asperiores eaque. Illo porro cum odio non est maiores.','id','11042',NULL,'2019-09-02 11:32:23','2015-09-10 19:13:30'),
('49','0','Placeat numquam autem eveniet et. Voluptates incidunt quia est culpa vero tempora nisi. Ut aut tempore omnis asperiores rerum.','nihil','87526325',NULL,'1997-04-24 17:44:32','1970-11-12 04:09:44'),
('50','0','Ut sapiente sed quia rem laudantium nam. Aut expedita voluptatem provident inventore. Atque officia fuga dolorem odio dolores harum rerum. Temporibus et sequi quia rem architecto quidem molestiae nulla. Vero repudiandae nisi voluptas amet.','id','100',NULL,'1984-05-12 11:20:03','2014-10-14 23:07:51'),
('51','0','Itaque quae et consequatur laudantium. Dolorem et quia dolores id sequi. Doloremque quo mollitia quaerat sed eveniet.','sunt','37135725',NULL,'1994-08-01 17:41:48','2006-06-05 09:53:54'),
('52','0','Pariatur voluptas aliquam expedita reiciendis. Aut ut odio ipsam maxime. Nihil est repudiandae eos eos qui dolorum. Cumque qui rerum error ipsam vel aliquam.','nobis','0',NULL,'1980-12-26 06:15:40','1997-09-23 23:00:15'),
('53','0','Numquam nihil rerum sed dolore libero dicta. Ut consequuntur et perspiciatis recusandae incidunt. Veritatis et deserunt explicabo occaecati quas praesentium aut.','quia','9317',NULL,'2014-04-09 02:43:55','1970-01-22 04:38:54'),
('54','0','Iste corrupti et non quam enim repellendus. Hic molestiae molestiae amet magni ad. Laborum et voluptates cumque a expedita ea tempore. Error occaecati dolor magnam.','quia','0',NULL,'1985-12-16 01:43:01','1997-08-19 11:46:28'),
('55','0','Autem voluptatem facere ut omnis. Cumque corrupti voluptatem quaerat ducimus accusantium libero. Ea sed exercitationem magnam explicabo recusandae tenetur quo.','aliquam','969535336',NULL,'1988-08-25 06:21:50','2006-04-09 13:43:57'),
('56','0','Veritatis excepturi consequatur omnis amet est. Alias et recusandae distinctio corporis. Voluptatem eaque laborum ut quam officiis.','sit','64',NULL,'1972-10-17 00:28:10','1975-06-25 19:43:51'),
('57','0','Quam dolores amet voluptatibus id omnis. Maxime incidunt ab quidem natus facere quo nesciunt. Ut nemo et id quisquam alias sunt.','recusandae','86',NULL,'1975-03-31 03:44:04','1982-04-21 04:00:20'),
('58','0','Quas illum iusto quo hic. Adipisci et odit voluptatem non recusandae. Mollitia id consectetur asperiores. Sed veritatis deserunt dolor unde tenetur.','dolor','32',NULL,'2005-02-06 22:42:20','1970-12-21 10:57:58'),
('59','0','Sed veritatis earum et est. Impedit quidem dolorem a officia quae odio. Ullam eveniet vitae unde exercitationem voluptatem et ut.','assumenda','92',NULL,'1990-12-01 14:17:36','1991-11-08 22:10:59'),
('60','0','Id et aut consequuntur est. Vel eligendi laborum repellat expedita quos molestias occaecati et. Quis voluptatem odit dolorum repellat culpa expedita. Rerum delectus expedita iusto occaecati optio.','voluptatem','22',NULL,'2000-06-02 13:56:18','1987-08-07 08:29:17'),
('61','0','Non repellendus sunt rem. Est sit dolores dolorem fugiat laborum mollitia. Iusto dolorum dignissimos maxime. Dolor et ratione ducimus.','odit','217845',NULL,'1987-10-10 02:08:32','1983-12-15 04:10:47'),
('62','0','Ullam dolores voluptates quam dolor et maiores. Illum voluptas doloremque tempora temporibus architecto. Et eos ut quidem reiciendis quia omnis cupiditate rerum.','ut','156252',NULL,'1977-03-27 20:14:47','2016-07-08 03:22:26'),
('63','0','Aut doloribus pariatur porro enim placeat ea. Veritatis et facilis beatae aliquam. Provident eligendi et pariatur quas magnam laboriosam. Aut magnam animi iste qui.','nostrum','9343879',NULL,'1983-11-19 05:40:51','2004-08-15 01:32:45'),
('64','0','Quia laboriosam cumque ea. Optio fugiat temporibus aut ut maiores enim non. Aut maiores iure et quas aspernatur.','molestiae','7006',NULL,'2017-01-01 02:39:33','2015-04-02 22:21:20'),
('65','0','Nulla et soluta dolor consequatur. Repellendus ut modi officiis possimus amet nihil maiores.','voluptatem','654262',NULL,'2005-06-18 18:35:19','1977-12-30 08:51:58'),
('66','0','Magni at nobis quae veniam consequatur. Quia eveniet rerum quos illum. Quia sit esse ut saepe. Modi dolores et veniam aut veritatis explicabo.','hic','32',NULL,'1993-12-10 21:04:05','1972-07-11 09:26:54'),
('67','0','Reiciendis aut eos harum suscipit et sunt. Dignissimos in sunt veritatis et omnis eos. Adipisci maiores atque quod labore similique illum. Sed sit reiciendis non minima est error.','necessitatibus','89',NULL,'2016-04-12 04:38:16','2001-07-12 09:21:37'),
('68','0','Adipisci nihil recusandae deleniti est. Quas libero voluptas ea voluptatibus accusantium. Voluptates nihil quae consequatur voluptas veritatis aut ullam. Possimus ea excepturi odio et.','debitis','77931',NULL,'1989-12-01 05:29:11','1987-09-22 04:18:23'),
('69','0','Tenetur totam quisquam ratione in dolores. Voluptatibus tenetur dolore recusandae dolorum exercitationem ut cupiditate.','voluptatem','14425304',NULL,'2008-12-21 09:18:13','1982-07-25 09:04:40'),
('70','0','Provident dolore ad similique tempore dignissimos dolores. Vitae nisi aperiam a omnis. Quia voluptas tenetur perspiciatis in.','minima','0',NULL,'2008-02-16 21:27:02','2003-07-17 12:55:17'),
('71','0','Est nobis doloribus est ut. Vero veniam ut aspernatur. Iure sequi at pariatur rerum sunt dolorem dolor. Vel facere atque nisi voluptas aut.','accusamus','83',NULL,'1992-06-14 01:51:47','1977-11-08 05:39:52'),
('72','0','Corrupti sed quia quam. Molestiae harum voluptatem nisi consequatur. Sapiente at a nemo. Illum neque et pariatur voluptatem omnis.','voluptas','71413',NULL,'1976-07-24 06:03:10','1977-07-18 23:26:10'),
('73','0','Eum ut quisquam expedita. Quidem quod quo accusantium tempora reprehenderit fugiat magni. Sequi perferendis hic voluptatem quia omnis doloribus necessitatibus. Ut repellendus esse dolores ut consequatur.','exercitationem','9856328',NULL,'2010-05-12 19:15:47','2013-05-15 08:35:50'),
('74','0','Eius illo beatae provident eius tempora. Nesciunt blanditiis minima fugit deserunt earum perferendis voluptas. Omnis consequuntur earum sunt qui dolores.','earum','799',NULL,'1990-07-12 04:49:28','2009-01-19 18:03:07'),
('75','0','Quia consectetur sit minima provident aliquam quo. Officia molestiae excepturi ea dolores autem.','aut','53830872',NULL,'1994-06-26 03:37:20','1984-04-08 07:34:09'),
('76','0','Sapiente ipsa est quia est earum enim eligendi. Eum omnis iste voluptatem iusto nihil. Sint magni qui et eius iste at et facere. Aspernatur ducimus laborum assumenda modi dolorem sit.','hic','645789004',NULL,'1983-10-11 01:54:37','1993-01-07 03:42:22'),
('77','0','Non et vero animi culpa laborum fugiat rem. Quia suscipit quia aliquam doloremque consectetur adipisci. Dolorum voluptatem nesciunt quis ut aut.','iste','92',NULL,'1994-06-06 11:14:52','1975-11-15 14:56:47'),
('78','0','Ut cum repellat pariatur autem perferendis qui ratione doloremque. Rerum fuga veritatis quia qui est. Eos quia culpa voluptates vel sit. Dolores molestiae aut voluptatem laudantium at.','hic','1808',NULL,'2012-09-25 21:11:06','2005-01-16 12:46:00'),
('79','0','Voluptate molestias eum quia quia fugit. Eius laborum adipisci quod sed.','sint','587635',NULL,'1980-12-03 04:06:32','1992-05-16 04:29:54'),
('80','0','Et quas molestiae voluptatem aut quae alias. Suscipit fugiat facere est laudantium. Nisi necessitatibus non ut et dolores et dolor.','sed','3',NULL,'1977-11-13 01:40:56','2007-12-29 12:37:40'),
('81','0','Et vel ut ut in totam iure itaque assumenda. Quaerat optio quo aut illum ut.','vero','952270',NULL,'1975-12-20 11:49:53','1996-01-06 01:23:31'),
('82','0','Sed ab architecto laudantium ullam autem ipsum. Inventore ut iure temporibus eligendi eos voluptatibus totam. Ut nesciunt nesciunt at enim. Vitae officia enim soluta et debitis.','tempore','91905464',NULL,'1974-06-04 18:53:22','2016-10-21 14:01:24'),
('83','0','Provident vel expedita ad cupiditate velit temporibus iure laborum. Ducimus qui sunt recusandae aperiam nisi qui qui. Et dolorem autem doloremque. Ipsum quae omnis qui minus exercitationem ut itaque. Velit placeat voluptate iusto qui officia.','aliquam','12',NULL,'1991-06-07 15:44:45','1975-07-08 02:44:15'),
('84','0','Vitae maxime ullam ut dicta illo sunt. Ut saepe quia ea. Odio culpa adipisci excepturi sint.','aut','641536453',NULL,'1975-11-22 04:37:25','1983-07-16 01:50:47'),
('85','0','Occaecati dolores ut fugiat eligendi. Qui quos aspernatur eum quis veniam harum sint amet. Quod corrupti molestiae ut blanditiis.','voluptatibus','8',NULL,'2016-03-09 13:33:18','2011-09-27 18:35:17'),
('86','0','Illo vero perspiciatis temporibus est rerum ut. Eum veritatis culpa pariatur est reprehenderit illum. Quod quod nobis hic eius id.','amet','87605',NULL,'2011-08-28 17:59:08','1982-11-14 03:13:39'),
('87','0','Sapiente autem voluptatibus architecto rerum voluptas aperiam. Minima eum eligendi id eos omnis. Distinctio quisquam rerum et nesciunt.','quo','456511998',NULL,'1994-10-06 11:01:48','1979-07-28 06:11:13'),
('88','0','Exercitationem quod eum nobis molestiae ad illo exercitationem. Excepturi enim aliquid iusto nisi dolorum sapiente. Non sed doloremque quia qui odio omnis libero. Assumenda aut dignissimos reprehenderit voluptatem.','officiis','0',NULL,'1992-10-12 15:59:54','2017-08-01 02:08:09'),
('89','0','Culpa quia ipsam alias. Alias vel vero delectus officia doloremque iure dolore. Fuga voluptas ea laudantium aut itaque at ullam quasi. Autem repudiandae et culpa voluptas accusantium ipsa quia.','magnam','22',NULL,'1986-01-03 14:58:18','2011-10-02 03:20:01'),
('90','0','Aspernatur quibusdam magnam in assumenda voluptatem voluptatum nisi. Ad possimus odit dolores eum et. Voluptates iusto nihil nulla adipisci facilis. Non voluptatibus nihil necessitatibus.','alias','8108',NULL,'1995-11-05 07:43:25','2002-01-20 07:41:10'),
('91','0','Repudiandae vel rem enim placeat maiores. Dolorum consequatur qui odio adipisci magnam aspernatur. Animi aut ab omnis eum sapiente ipsam.','ratione','73',NULL,'2006-06-15 03:42:53','2004-10-11 08:46:40'),
('92','0','Qui voluptatem eveniet voluptatem numquam consequatur et. Enim quia est et voluptas quidem voluptates. Nesciunt culpa qui voluptas tenetur nisi et. Suscipit dolorum repellendus corporis veritatis vel quaerat et laborum.','animi','36905',NULL,'2006-03-03 09:53:08','2000-04-28 12:07:37'),
('93','0','Enim dolorem odio et. Dolores est dolorum assumenda nihil.','aut','0',NULL,'2014-04-23 08:11:23','2001-11-15 14:17:23'),
('94','0','Quia aperiam nesciunt et. Non ipsa tempora ut consectetur aliquam. Impedit sed nulla inventore assumenda sint dolorum.','laborum','83',NULL,'1972-05-01 11:15:12','2020-01-01 04:31:18'),
('95','0','Voluptatibus laborum quaerat laboriosam in sunt nam est. Iure iusto neque numquam suscipit tempore molestiae blanditiis. Dignissimos enim suscipit iure vel. Rerum iure vitae recusandae in voluptas quas. Quia libero molestiae numquam eum distinctio quis.','a','4153',NULL,'1987-11-14 14:31:59','2000-01-16 20:23:54'),
('96','0','Unde voluptatem mollitia non velit adipisci aliquam. Accusantium provident dolorem dolores corrupti. Porro labore sapiente iusto dolorem ex et. Nemo explicabo magnam sapiente vero.','laudantium','0',NULL,'2015-10-11 22:19:07','1983-07-13 15:45:23'),
('97','0','Aspernatur repellat nihil sit debitis eos iure quae. Distinctio vero vero nisi sunt tempora.','pariatur','77892',NULL,'1982-01-20 05:08:34','2009-07-30 08:03:29'),
('98','0','Cumque quam repellat eius ducimus quis vel dolores. Consequatur placeat necessitatibus mollitia sed. Quos culpa quo possimus dolore enim unde voluptatem. Rerum eos fugit voluptate fuga quo dolores omnis.','laboriosam','21167',NULL,'2002-12-30 22:25:06','1974-03-09 04:22:41'),
('99','0','Veritatis placeat beatae qui dolore. Est atque et ullam. Consequuntur dolor est officiis explicabo ratione corporis excepturi qui.','optio','18672404',NULL,'1984-10-08 04:37:34','1982-09-19 03:31:41'),
('100','0','Soluta quam corporis qui sit. Placeat inventore commodi doloribus accusamus qui. Eaque mollitia laudantium in voluptatibus. Qui eaque aliquid qui aspernatur atque.','saepe','237041',NULL,'1999-12-20 14:14:40','1987-09-03 19:03:05'); 


DROP TABLE IF EXISTS `messages`;
CREATE TABLE `messages` (
  `id` bigint(20) unsigned NOT NULL AUTO_INCREMENT,
  `customers_id` bigint(20) NOT NULL,
  `to_user_id` bigint(20) unsigned NOT NULL,
  `body` text COLLATE utf8_unicode_ci DEFAULT NULL,
  `created_at` datetime DEFAULT current_timestamp(),
  UNIQUE KEY `id` (`id`),
  KEY `customers_id` (`customers_id`),
  KEY `to_user_id` (`to_user_id`),
  CONSTRAINT `messages_ibfk_1` FOREIGN KEY (`customers_id`) REFERENCES `customers` (`id`),
  CONSTRAINT `messages_ibfk_2` FOREIGN KEY (`to_user_id`) REFERENCES `users` (`id`)
) ENGINE=InnoDB AUTO_INCREMENT=101 DEFAULT CHARSET=utf8 COLLATE=utf8_unicode_ci;

INSERT INTO `messages` VALUES ('1','0','1','Quae dicta maxime et nihil mollitia est at. Explicabo earum delectus dolore unde. Saepe dolor voluptatum sunt cum. Hic dolor est similique illo quidem.','1983-12-14 18:09:03'),
('2','0','2','Doloribus labore occaecati quia adipisci ducimus itaque. Velit libero tempora ad rem maiores ad amet. Optio occaecati consequatur odit consequatur. In sit suscipit aut eius consectetur.','1989-05-22 21:58:51'),
('3','0','3','Soluta velit ea ex provident est autem ut. Aspernatur voluptatibus molestiae voluptas et quia. Labore ea est inventore nesciunt. Qui vero qui ex et tenetur culpa delectus.','1998-02-20 23:46:56'),
('4','0','4','Consectetur aut aut nihil aut. Ea impedit qui velit quia quos. Qui quia et et aperiam facere sunt. Tempora doloribus dolores et qui officia id.','2013-05-28 09:01:30'),
('5','0','5','Ab et debitis quisquam ut sint dicta ipsa. Aut vero quaerat iste unde corrupti eos. Voluptas laboriosam ut necessitatibus autem repellat dicta ipsum. Et impedit provident vel libero adipisci laudantium deserunt. Reprehenderit nulla sed quis.','1971-05-21 09:54:55'),
('6','0','6','Suscipit autem quis sunt perspiciatis quidem similique qui maxime. Soluta tempora fugiat quo temporibus deleniti. Rem necessitatibus quidem aperiam adipisci.','1992-06-09 20:10:30'),
('7','0','7','Quo reiciendis voluptatum assumenda eveniet saepe. Quod aut reiciendis veniam id ea. Consequatur ea magni in. Qui omnis sunt illo vero ut ut optio voluptatibus. Qui sint nobis praesentium et beatae velit.','2014-12-18 00:46:34'),
('8','0','8','Eveniet aspernatur qui quo voluptates nemo sit sint. Quas architecto aspernatur fugit aliquid quia doloremque quasi voluptatem. Soluta possimus itaque natus aliquid autem neque.','2003-10-20 12:00:40'),
('9','0','9','Error dicta ut quae. Quia quo ipsum excepturi sed nesciunt molestiae. Voluptatem qui maxime dolor sint reprehenderit. Odio nihil et sint saepe.','1990-09-22 12:48:32'),
('10','0','10','Consectetur velit dicta qui dicta fuga beatae qui. Id iste error rerum vitae. Tenetur vero iure accusamus fuga. Quos ea ab suscipit.','2019-12-16 16:25:27'),
('11','0','1','Sunt deleniti et consequatur numquam voluptatem qui quia. Cumque dolore fugiat quod. Aut dolorum sit sed aut velit et. Quia ut ad veniam at.','1973-08-03 16:39:36'),
('12','0','2','Culpa omnis consequatur quis placeat consequatur. Soluta placeat eligendi autem ea enim. Ea sequi dolores quae et laudantium. Tempore consequatur provident ipsa quidem.','2002-05-01 16:53:46'),
('13','0','3','Nam molestias praesentium aut qui et est at. Earum voluptatem illo et quia modi enim possimus. Consequatur consectetur enim ut saepe. Optio sint earum exercitationem.','2009-04-23 23:16:43'),
('14','0','4','Est sint possimus velit placeat placeat qui. Sed tempore nisi aut occaecati facilis repellat. Commodi quo voluptatum voluptas facilis consequatur.','2003-12-04 23:04:23'),
('15','0','5','Harum qui cum et et quas magni vero. Provident excepturi ut ea. Ipsam in et accusamus voluptatum eveniet omnis dolorum. Non explicabo voluptatibus inventore est tempore atque.','1979-02-11 18:45:05'),
('16','0','6','Corporis vel aut quos rem ratione aliquam. Vitae enim tempore sapiente necessitatibus ea similique. Maxime eaque porro aspernatur quis minus quia.','2020-04-13 18:50:20'),
('17','0','7','Placeat ducimus tempora aut quis. Odit voluptatem et qui corporis. Dolores est dolorem iste quia ea ipsam.','2005-08-10 07:50:34'),
('18','0','8','Libero tempora quos voluptas nam sunt. Vero optio maxime qui aperiam autem nemo deserunt non. Totam vel aperiam exercitationem dolorem vitae.','1976-09-26 18:21:18'),
('19','0','9','Id fugiat nulla labore qui ut voluptas. Voluptatum et doloremque ex est saepe voluptatum corrupti eos. Praesentium eos itaque vero sequi. Corrupti quis laborum sed maiores voluptates deserunt corrupti. Accusantium impedit non qui perspiciatis cupiditate ipsam sint.','2005-12-24 10:02:15'),
('20','0','10','Suscipit sunt repellendus dolor est et facilis. Ut nobis sed perspiciatis consequatur ea aspernatur fugit. Error et est dicta qui esse sunt sint.','1974-02-22 06:22:56'),
('21','0','1','Et eos velit eligendi error. Aut provident est magnam repellendus itaque consequatur aliquid itaque. Temporibus sit doloribus et praesentium perspiciatis quae. Ad nihil repellat voluptas ad harum totam inventore.','2014-07-13 04:46:26'),
('22','0','2','Unde labore temporibus et libero. Placeat dolore adipisci consectetur minima perspiciatis. Voluptatem tenetur optio perspiciatis ipsa corrupti ut reiciendis quisquam. Tempore id corrupti ut amet accusamus et.','1987-11-04 00:12:35'),
('23','0','3','Consectetur maxime non necessitatibus praesentium at omnis aspernatur fuga. Esse eum ab eaque culpa. Pariatur odit sed illum dolores maxime ratione. Sapiente enim amet odio.','1971-01-17 23:50:48'),
('24','0','4','Corrupti molestiae reiciendis eligendi dolor praesentium blanditiis. Distinctio dicta ea occaecati ullam recusandae.','2009-09-19 06:28:37'),
('25','0','5','Et blanditiis accusantium debitis deleniti voluptas in. Nesciunt veniam eos tempore qui. Dolores et ipsam est accusamus adipisci. Non qui dolore quisquam ipsum repudiandae repellat ipsam ea.','2019-05-01 14:37:58'),
('26','0','6','Vel et sed eaque qui reiciendis facere explicabo eum. Officiis nobis assumenda velit recusandae. Eligendi voluptate porro iusto est dolor officiis qui. Sed qui ea magnam alias possimus aut consequatur magni. Consectetur tempore eaque rem fuga nemo omnis minima mollitia.','1970-12-23 13:30:14'),
('27','0','7','Ut sunt modi quis accusantium deleniti. Esse sunt eum ut nostrum. Exercitationem vitae a ut ratione autem sit odit facilis. Cumque veritatis nam ipsam porro voluptatem iusto accusantium.','2014-03-02 17:01:49'),
('28','0','8','Nobis voluptatibus aut et expedita aut qui. Minus aperiam alias ut dolores. Cum repellendus quia numquam quia ut incidunt.','1974-11-23 12:11:41'),
('29','0','9','Voluptas sit corrupti maxime quo molestias. Quam temporibus quam ipsam et. Officiis delectus vel reprehenderit tempore est ut magni quae. Autem perferendis aut rerum veritatis molestiae velit.','2016-10-22 23:15:26'),
('30','0','10','At qui voluptas officiis est non itaque. Facilis iste et perferendis ut et necessitatibus accusamus. Soluta odio rerum in nisi.','1994-03-24 00:58:25'),
('31','0','1','Ut et delectus odit quia enim sunt. Doloremque totam qui vero consequatur consequatur ut nesciunt. Asperiores odio modi distinctio et doloremque hic totam.','1996-06-27 13:20:46'),
('32','0','2','Adipisci nihil est dolorem cumque quisquam et accusamus. Perspiciatis sequi aut a omnis. Dolorum ut debitis et sit non architecto.','2020-05-19 23:13:18'),
('33','0','3','Tenetur minus rerum in similique. Blanditiis voluptatem numquam consectetur rerum dolorem.','1977-03-19 00:38:38'),
('34','0','4','Placeat aliquid quam perspiciatis. Rerum est ea aliquam laudantium modi. Odio consequuntur magni blanditiis vel.','2014-08-26 05:51:25'),
('35','0','5','Et accusamus magni sed dolor praesentium optio dolorem. Atque molestiae molestias dolorum vero velit. Autem quidem similique at mollitia aut. Voluptas ut deleniti dolore ipsa accusamus porro. Porro cupiditate et aliquam fugiat.','2005-04-28 12:04:27'),
('36','0','6','Consequatur et asperiores et nostrum voluptate ab quas. Ut consequuntur rem cumque. Fugiat ipsam ut suscipit aut iure ullam. Autem quidem beatae maxime adipisci qui quia blanditiis. Possimus sunt eos nemo cum voluptas ut.','1973-03-25 15:10:14'),
('37','0','7','Minima sit velit iure hic quasi consequatur. Vero necessitatibus fugiat placeat qui. Quis nobis id voluptate inventore modi. Ut ut tempore sit. Illum consequatur nisi rerum quas ex dolor quia culpa.','1982-04-02 18:57:33'),
('38','0','8','Cumque aut natus aliquam et optio. Qui corporis sed consectetur vel voluptatem recusandae quas. Sed molestiae quibusdam recusandae enim. Nulla consectetur voluptatem ut in corrupti similique animi.','1992-07-26 06:59:54'),
('39','0','9','Fugiat molestias magnam molestiae corporis delectus doloribus. Cupiditate molestias qui dolor a dolorem ut non porro.','1982-08-01 12:04:54'),
('40','0','10','Occaecati inventore voluptatem dolorem provident. Autem ad iusto quis dolores hic. Veniam illum quia vel similique voluptatem. Minus ullam modi est odit quis sed.','1979-11-17 07:53:23'),
('41','0','1','Dignissimos officiis doloremque minima odio sequi necessitatibus. Maiores nulla natus assumenda harum. Porro labore laudantium aliquid accusamus. Mollitia consectetur asperiores qui ipsum qui voluptatibus repellendus consectetur.','2015-11-13 10:02:19'),
('42','0','2','Ab rem in quia nemo. Temporibus occaecati repellat minus repellat voluptates.','2005-12-23 07:58:22'),
('43','0','3','Sint sunt ducimus excepturi et. Sed laudantium dolores natus nemo eius illo facilis. Quam necessitatibus hic vel minima minima est.','2000-04-28 04:44:41'),
('44','0','4','Omnis aut non et quas. Corporis quisquam harum id sed consectetur. Et quia voluptatibus facilis.','1999-05-20 17:13:07'),
('45','0','5','Et fugiat aut autem assumenda aut. Nobis ipsum tempora voluptatibus qui. Veritatis iure illo qui et ipsa aut.','2017-08-07 10:54:07'),
('46','0','6','Architecto voluptatibus omnis laudantium ullam corrupti nihil reprehenderit. Harum neque dicta impedit voluptatem voluptas quo et qui. Pariatur fuga magni error quia non est dolores. Suscipit omnis ut ut ullam voluptas consectetur quibusdam voluptates.','2017-11-09 19:36:50'),
('47','0','7','Autem maiores consequuntur maxime aut quasi commodi et laborum. Dolorem officiis consequatur quis iure numquam veritatis quia et. Quia eum ducimus rerum velit.','2018-11-11 07:32:47'),
('48','0','8','Dolorem dolorem neque ut adipisci vel in. Odit veritatis dolorem quis tenetur. Quia consequatur est enim accusamus rerum consequatur.','1974-02-18 15:44:48'),
('49','0','9','Dolor voluptatem quaerat ex voluptatem ut quae. Rerum nam consequuntur illo dolorem est ducimus. Laboriosam dolores et omnis commodi et.','1998-06-09 23:25:34'),
('50','0','10','A eligendi voluptas doloremque vero ut. Ut ut voluptatem est deleniti rerum quia impedit. Eum qui ut reprehenderit voluptas.','2010-11-16 06:16:56'),
('51','0','1','Quae sapiente dicta illum quod. Est rerum neque deleniti saepe unde et ut. Corporis molestiae velit fuga dolorem quia.','2015-05-17 18:22:14'),
('52','0','2','Nihil expedita et odit id. Quo ut sint et a aut odit sit. Dolor ut harum doloribus non architecto.','2020-02-07 19:24:56'),
('53','0','3','Est soluta sit eveniet autem facilis deleniti et. Quisquam iure tempore sunt quidem eligendi harum. Aut omnis modi hic molestiae voluptates hic.','1997-08-01 11:43:38'),
('54','0','4','Quibusdam temporibus facere corrupti. Quaerat temporibus veniam quod nisi consequuntur.','1993-06-13 22:32:48'),
('55','0','5','Delectus tempore nobis sint consequatur consequatur. Ut quam recusandae et deleniti sit.','2011-08-07 12:48:08'),
('56','0','6','Veniam nesciunt corrupti officiis non rem veritatis a. Qui voluptas earum porro et neque voluptatem. Rerum asperiores ea ut culpa facilis possimus iusto aut. Quaerat illo consequatur voluptas soluta consequuntur consequatur ea.','1992-07-27 08:59:37'),
('57','0','7','Similique non omnis dolores eveniet dolor. Necessitatibus consectetur et dolores iusto odio. Itaque quas sunt dolor quos impedit sunt magni.','1992-05-19 23:23:59'),
('58','0','8','Unde adipisci sit eveniet voluptas ad. Eveniet cupiditate ad reiciendis sed. Perspiciatis nam consequatur sit numquam. Dolor unde maiores eius mollitia eius excepturi ipsam.','2001-07-11 07:46:23'),
('59','0','9','Doloribus eveniet ullam perferendis similique voluptate. Excepturi corrupti et fuga vero. Facere quidem adipisci quae pariatur incidunt. Rem enim dolorem praesentium impedit sed praesentium id.','1981-04-03 21:08:42'),
('60','0','10','Provident tempore rerum rerum officia et. Perferendis aperiam laboriosam aut vel corrupti adipisci. Velit nihil quia ea vero.','2003-12-27 15:33:35'),
('61','0','1','Error qui nobis vitae nesciunt quis. Totam excepturi dolor doloremque. Quidem exercitationem omnis ipsam suscipit. Ipsum sit sapiente voluptatum voluptas sed porro.','1985-04-27 19:01:11'),
('62','0','2','Fuga sapiente omnis optio non. Omnis qui nostrum eius pariatur eos. Aliquam placeat atque modi quos. Nisi doloribus dolorem omnis dolorem debitis qui totam dolores.','1987-12-22 19:34:20'),
('63','0','3','Omnis magnam temporibus sunt eos id rerum quae. Et officiis dolorem eum deserunt. Itaque consectetur qui velit fugit quidem doloribus.','2005-08-14 21:47:04'),
('64','0','4','Soluta laborum aliquam dolor. Voluptates velit voluptas harum hic sint debitis. Numquam aut voluptas ea esse aut accusantium. Dolores veritatis minus sapiente quia ut id rerum aut.','2006-03-15 20:47:47'),
('65','0','5','Odio non architecto incidunt. Accusamus quae delectus molestiae qui. Esse natus quae id in earum amet laborum nihil.','1974-01-29 04:23:23'),
('66','0','6','Quae perferendis enim voluptas. Corporis expedita dolor odit sed rerum voluptatem. Modi veniam aperiam perspiciatis atque quia repudiandae. Tenetur velit sint necessitatibus.','2019-12-27 12:57:13'),
('67','0','7','Voluptate est excepturi adipisci sunt provident. Quam autem mollitia dolores qui dolores a. Perferendis doloribus quod et illo. Qui aut accusantium est amet illo tempore sapiente. Tenetur ratione qui mollitia provident.','1997-07-07 02:39:41'),
('68','0','8','Id iure omnis ut rerum ullam. Et quae non ab laudantium nulla excepturi autem. Deserunt sed atque porro nemo expedita dolore.','2001-08-27 12:12:22'),
('69','0','9','Illum adipisci dolorem aliquam sit itaque praesentium enim delectus. Nihil maiores perspiciatis doloribus soluta. Quo delectus ullam qui nesciunt quia ut eum.','2005-02-17 13:08:45'),
('70','0','10','Incidunt blanditiis molestiae rerum incidunt deleniti et doloremque. Est laborum itaque aut ex. Aut deleniti vitae consequatur eum. Sequi qui facere ducimus repellat expedita temporibus.','1978-02-07 17:48:30'),
('71','0','1','Voluptatem libero laboriosam labore debitis expedita minima. Dolorem maxime aperiam placeat ipsum dolorem eos ut quia. Pariatur vitae dolorem magni voluptas commodi placeat.','2015-02-07 00:27:15'),
('72','0','2','Nihil voluptatem rem doloremque doloremque temporibus eum. Et vel omnis ab corrupti repellendus. Voluptatem nihil ex quia molestiae.','2018-03-24 18:44:35'),
('73','0','3','Dolores ut odit eligendi commodi doloremque et. Quo deserunt aut nobis qui. Similique nobis illum veniam aliquid voluptas.','2019-09-10 10:52:13'),
('74','0','4','Voluptas ipsa ratione quae animi explicabo qui dolorem. Est odio incidunt quas dignissimos est nulla. Error ducimus laborum libero quod dolores deserunt excepturi.','1979-04-16 06:54:53'),
('75','0','5','Numquam dolorum molestiae fugit eligendi. Laudantium sit ea vel facere. Veniam voluptas soluta asperiores accusantium nihil iusto id. Sit error omnis saepe dolorem exercitationem.','1976-11-09 23:54:27'),
('76','0','6','Possimus impedit dolorem cupiditate vel laudantium dolores non. Aut dolores nostrum sed velit. Quis dolore quisquam distinctio aut. Quibusdam aliquam esse dolor unde.','1985-05-27 06:37:03'),
('77','0','7','Sequi aut aliquid est ut ipsa illo ullam. Numquam optio sequi quas quaerat deserunt sint. Laudantium alias hic occaecati unde voluptatum eum.','2013-08-01 20:41:51'),
('78','0','8','Aut iusto voluptas porro. Repellat quibusdam possimus qui qui ratione. Soluta facilis et praesentium. Neque qui laboriosam iste enim sapiente distinctio sed.','1970-10-03 21:00:17'),
('79','0','9','Suscipit ipsa dicta rerum et. Esse placeat expedita debitis ipsa quidem nulla suscipit. Laborum sed quia quos et enim.','1991-02-04 13:24:22'),
('80','0','10','Possimus qui natus aut. Molestias est alias vel enim ab. Ullam voluptates modi quidem est quo cupiditate. Sapiente qui esse assumenda similique molestiae omnis.','1980-06-09 14:05:43'),
('81','0','1','Voluptatibus distinctio nam nulla nisi non necessitatibus voluptas alias. Harum reprehenderit minus animi ut est veniam. Aliquid harum dicta sequi consequatur reiciendis. Voluptatibus fuga numquam cupiditate hic.','1972-05-12 19:38:57'),
('82','0','2','Voluptatem fuga quasi omnis eaque at tempore aut. Harum modi ab qui dolores omnis iure. Laboriosam sit rem esse fugit. Eos fugiat sit iure voluptates.','2003-09-05 13:28:32'),
('83','0','3','Et totam nisi aut culpa labore fugiat. Quos hic aperiam deserunt velit. Ut doloremque non qui ut repellat voluptatem sint.','1971-03-16 00:12:38'),
('84','0','4','Enim aut vero rem sit qui modi exercitationem qui. Inventore et cupiditate et illo magnam vel. Cupiditate et at autem similique nulla doloribus. Quae quas odio vero ad quibusdam voluptatem.','2010-05-31 18:54:46'),
('85','0','5','Ullam est itaque non. Non odio et sed minima temporibus quia. Sed omnis dolorem temporibus ab voluptatem porro.','1980-03-28 20:39:05'),
('86','0','6','Iusto id officia dignissimos deleniti enim reprehenderit. Architecto consectetur quis nobis iusto pariatur provident in. Aut sint sit est non. Earum perspiciatis sequi labore consequatur beatae at.','2010-07-29 10:42:36'),
('87','0','7','Necessitatibus et ab voluptates et est. Beatae omnis temporibus et voluptatem odio nihil facilis. Ex rerum sit deserunt accusantium aliquid ullam modi id.','1983-05-09 11:49:53'),
('88','0','8','Quod placeat repellat facere sunt. Cupiditate maiores corporis quia necessitatibus et ab quae sed. Voluptatem expedita qui necessitatibus quo doloribus magni labore.','2007-02-11 00:56:59'),
('89','0','9','Et provident in vel error itaque velit. Molestiae ex ea quidem assumenda a praesentium repellendus. Enim quasi omnis ad ab facere quia iusto.','1988-01-01 19:42:05'),
('90','0','10','Molestiae consequatur deleniti incidunt. Numquam odit quas sed expedita nobis est.','2004-09-30 14:01:29'),
('91','0','1','Ex quidem soluta harum maiores tenetur est magni. Natus incidunt corrupti qui aut nulla rem. Architecto aut nihil incidunt omnis qui similique.','1971-06-18 05:26:36'),
('92','0','2','Pariatur commodi qui nemo cumque. Dolores rerum asperiores qui possimus. Eligendi iure facere ut occaecati in.','2014-12-18 03:26:08'),
('93','0','3','Repellat nulla voluptate qui veniam. Occaecati itaque voluptas vel laboriosam repellat. Officiis voluptatem expedita est est molestias. Voluptatem architecto officiis quod pariatur sint culpa.','1986-09-25 12:15:43'),
('94','0','4','Doloribus quia nihil dolores aperiam. Optio earum commodi nobis. Est esse et reiciendis quasi ut quasi consequatur.','1984-04-26 12:09:13'),
('95','0','5','Itaque eum omnis est et. Quia accusantium quis commodi eos qui omnis. Voluptas quibusdam debitis consequatur culpa a rerum.','1972-03-21 20:50:06'),
('96','0','6','Sit est pariatur laudantium et rerum repellendus. Earum occaecati est debitis est aut voluptas. Quod molestias quia ut voluptate.','2013-09-16 15:55:27'),
('97','0','7','Natus voluptatem repellat rerum. Consequatur voluptas ex ipsa in. Quia aut doloremque sed. Veniam officiis molestias saepe rerum quis quasi est.','2009-11-16 06:03:40'),
('98','0','8','Nisi velit blanditiis dolorem. Fuga rerum neque quia architecto adipisci. Qui voluptatem temporibus omnis illo sint. Repudiandae excepturi sunt cumque voluptatem.','1991-10-28 08:56:52'),
('99','0','9','Unde dolore illum ducimus cumque corporis error temporibus quia. Dolore non vero distinctio necessitatibus atque quo. Dolorem repellat minus maxime quia. Dolorem perspiciatis assumenda dolorum est perferendis.','1970-06-04 19:37:18'),
('100','0','10','Magni tempore ea at autem deserunt. Voluptatibus sunt voluptatibus cum voluptate quaerat debitis animi. Consequatur cumque quasi alias cupiditate quibusdam alias.','2003-04-26 04:55:24'); 


DROP TABLE IF EXISTS `nomenclature`;
CREATE TABLE `nomenclature` (
  `id` bigint(20) unsigned NOT NULL,
  `name` varchar(50) COLLATE utf8_unicode_ci DEFAULT NULL,
  `price` bigint(20) DEFAULT NULL,
  `quantity` bigint(20) DEFAULT NULL,
  `category` varchar(50) COLLATE utf8_unicode_ci DEFAULT NULL,
  PRIMARY KEY (`id`),
  KEY `nomenclature_name_idx` (`name`)
) ENGINE=InnoDB DEFAULT CHARSET=utf8 COLLATE=utf8_unicode_ci;

INSERT INTO `nomenclature`VALUES ('0','reiciendis','3','831199',NULL); 

INSERT INTO `nomenclature` (id, name, price, quantity, category)
VALUES 
('16','dfsdgsgfd','16','47525725',NULL),
('1','reiciendi','1','831197',NULL),
('2','reiciends','2','31199',NULL),
('3','eiciendi','3','789',NULL),
('4','qwes','4','123',NULL),
('5','asd','5','4567',NULL),
('6','zxcs','6','4529',NULL),
('7','rty','7','789',NULL),
('8','xcvs','8','745',NULL),
('9','fgh','9','1248',NULL),
('10','dfghf','10','78556',NULL),
('11','cvbf','11','45896',NULL),
('12','sdfgdg','12','124564',NULL),
('13','bhmhj','13','2445',NULL),
('14','vbhngh','14','85352356',NULL),
('15','fdggfhfg','15','78556',NULL);


DROP TABLE IF EXISTS `of_stock`;
CREATE TABLE `of_stock` (
  `id` bigint(20) NOT NULL,
  `of_stock_name` bigint(20) NOT NULL,
  `of_stock_what` bigint(20) unsigned DEFAULT NULL,
  PRIMARY KEY (`id`),
  KEY `of_stock_name` (`of_stock_name`),
  KEY `of_stock_what` (`of_stock_what`),
  CONSTRAINT `of_stock_ibfk_1` FOREIGN KEY (`of_stock_name`) REFERENCES `customers` (`id`),
  CONSTRAINT `of_stock_ibfk_2` FOREIGN KEY (`of_stock_what`) REFERENCES `nomenclature` (`id`)
) ENGINE=InnoDB DEFAULT CHARSET=utf8 COLLATE=utf8_unicode_ci;

INSERT INTO `of_stock` VALUES ('0','0','0'); 


DROP TABLE IF EXISTS `order_history`;
CREATE TABLE `order_history` (
  `id` bigint(20) NOT NULL,
  `order_history_name` bigint(20) NOT NULL,
  `order_history_what` bigint(20) unsigned DEFAULT NULL,
  `order_history_missing` bigint(20) NOT NULL,
  PRIMARY KEY (`id`),
  KEY `order_history_name` (`order_history_name`),
  KEY `order_history_what` (`order_history_what`),
  KEY `order_history_missing` (`order_history_missing`),
  CONSTRAINT `order_history_ibfk_1` FOREIGN KEY (`order_history_name`) REFERENCES `customers` (`id`),
  CONSTRAINT `order_history_ibfk_2` FOREIGN KEY (`order_history_what`) REFERENCES `nomenclature` (`id`),
  CONSTRAINT `order_history_ibfk_3` FOREIGN KEY (`order_history_missing`) REFERENCES `of_stock` (`id`)
) ENGINE=InnoDB DEFAULT CHARSET=utf8 COLLATE=utf8_unicode_ci;

INSERT INTO `order_history` VALUES ('0','0','0','0'); 


DROP TABLE IF EXISTS `orders`;
CREATE TABLE `orders` (
  `id` bigint(20) unsigned DEFAULT NULL,
  `orders_name` bigint(20) NOT NULL,
  `ordered_what` bigint(20) unsigned DEFAULT NULL,
  KEY `orders_name` (`orders_name`),
  KEY `ordered_what` (`ordered_what`),
  CONSTRAINT `orders_ibfk_1` FOREIGN KEY (`orders_name`) REFERENCES `customers` (`id`),
  CONSTRAINT `orders_ibfk_2` FOREIGN KEY (`ordered_what`) REFERENCES `nomenclature` (`id`)
) ENGINE=InnoDB DEFAULT CHARSET=utf8 COLLATE=utf8_unicode_ci;

INSERT INTO `orders` VALUES (NULL,'0','0'),
(NULL,'0','0'),
(NULL,'0','0'),
(NULL,'0','0'),
(NULL,'0','0'),
(NULL,'0','0'),
(NULL,'0','0'),
(NULL,'0','0'),
(NULL,'0','0'),
(NULL,'0','0'),
(NULL,'0','0'),
(NULL,'0','0'),
(NULL,'0','0'),
(NULL,'0','0'),
(NULL,'0','0'),
(NULL,'0','0'),
(NULL,'0','0'),
(NULL,'0','0'),
(NULL,'0','0'),
(NULL,'0','0'),
(NULL,'0','0'),
(NULL,'0','0'),
(NULL,'0','0'),
(NULL,'0','0'),
(NULL,'0','0'),
(NULL,'0','0'),
(NULL,'0','0'),
(NULL,'0','0'),
(NULL,'0','0'),
(NULL,'0','0'),
(NULL,'0','0'),
(NULL,'0','0'),
(NULL,'0','0'),
(NULL,'0','0'),
(NULL,'0','0'),
(NULL,'0','0'),
(NULL,'0','0'),
(NULL,'0','0'),
(NULL,'0','0'),
(NULL,'0','0'),
(NULL,'0','0'),
(NULL,'0','0'),
(NULL,'0','0'),
(NULL,'0','0'),
(NULL,'0','0'),
(NULL,'0','0'),
(NULL,'0','0'),
(NULL,'0','0'),
(NULL,'0','0'),
(NULL,'0','0'),
(NULL,'0','0'),
(NULL,'0','0'),
(NULL,'0','0'),
(NULL,'0','0'),
(NULL,'0','0'),
(NULL,'0','0'),
(NULL,'0','0'),
(NULL,'0','0'),
(NULL,'0','0'),
(NULL,'0','0'),
(NULL,'0','0'),
(NULL,'0','0'),
(NULL,'0','0'),
(NULL,'0','0'),
(NULL,'0','0'),
(NULL,'0','0'),
(NULL,'0','0'),
(NULL,'0','0'),
(NULL,'0','0'),
(NULL,'0','0'),
(NULL,'0','0'),
(NULL,'0','0'),
(NULL,'0','0'),
(NULL,'0','0'),
(NULL,'0','0'),
(NULL,'0','0'),
(NULL,'0','0'),
(NULL,'0','0'),
(NULL,'0','0'),
(NULL,'0','0'),
(NULL,'0','0'),
(NULL,'0','0'),
(NULL,'0','0'),
(NULL,'0','0'),
(NULL,'0','0'),
(NULL,'0','0'),
(NULL,'0','0'),
(NULL,'0','0'),
(NULL,'0','0'),
(NULL,'0','0'),
(NULL,'0','0'),
(NULL,'0','0'),
(NULL,'0','0'),
(NULL,'0','0'),
(NULL,'0','0'),
(NULL,'0','0'),
(NULL,'0','0'),
(NULL,'0','0'),
(NULL,'0','0'),
(NULL,'0','0'); 

INSERT INTO `orders` (id, orders_name, ordered_what) 
VALUES 
('47','1','9'),
('1','2','2'),
('2','3','3'),
('3','4','4'),
('4','5','5'),
('5','6','6'),
('6','7','7'),
('7','8','8'),
('8','9','9'),
('9','10','10'),
('10','11','12'),
('11','12','12'),
('12','13','13'),
('13','14','14'),
('14','15','15'),
('15','16','1'),
('16','17','2'),
('17','18','3'),
('18','19','0'),
('19','20','4'),
('20','21','5'),
('21','22','6'),
('22','23','7'),
('23','24','8'),
('24','25','9'),
('26','27','10'),
('27','28','11'),
('28','29','12'),
('29','30','13'),
('30','31','14'),
('31','0','15'),
('32','1','0'),
('33','2','1'),
('34','3','2'),
('35','4','3'),
('36','5','4'),
('37','6','5'),
('38','7','6'),
('39','8','7'),
('40','9','8'),
('41','10','9'),
('42','11','10'),
('43','12','11'),
('44','13','12'),
('45','14','13'),
('46','15','14');




DROP TABLE IF EXISTS `photo_albums`;
CREATE TABLE `photo_albums` (
  `id` bigint(20) unsigned NOT NULL AUTO_INCREMENT,
  `name` varchar(255) COLLATE utf8_unicode_ci DEFAULT NULL,
  PRIMARY KEY (`id`),
  UNIQUE KEY `id` (`id`)
) ENGINE=InnoDB AUTO_INCREMENT=101 DEFAULT CHARSET=utf8 COLLATE=utf8_unicode_ci;

INSERT INTO `photo_albums` VALUES ('1','maxime'),
('2','et'),
('3','ratione'),
('4','eos'),
('5','excepturi'),
('6','quia'),
('7','tempore'),
('8','itaque'),
('9','voluptas'),
('10','autem'),
('11','hic'),
('12','distinctio'),
('13','nostrum'),
('14','voluptas'),
('15','necessitatibus'),
('16','suscipit'),
('17','corporis'),
('18','inventore'),
('19','enim'),
('20','pariatur'),
('21','veniam'),
('22','aut'),
('23','totam'),
('24','non'),
('25','perspiciatis'),
('26','magni'),
('27','similique'),
('28','cum'),
('29','velit'),
('30','reiciendis'),
('31','nisi'),
('32','et'),
('33','porro'),
('34','et'),
('35','repellendus'),
('36','ipsa'),
('37','debitis'),
('38','aut'),
('39','dolores'),
('40','velit'),
('41','officia'),
('42','accusamus'),
('43','nemo'),
('44','ducimus'),
('45','optio'),
('46','consequatur'),
('47','qui'),
('48','voluptatum'),
('49','aut'),
('50','minima'),
('51','dicta'),
('52','minima'),
('53','dolorem'),
('54','aliquam'),
('55','ipsa'),
('56','eum'),
('57','distinctio'),
('58','id'),
('59','id'),
('60','est'),
('61','est'),
('62','ad'),
('63','autem'),
('64','esse'),
('65','laboriosam'),
('66','eius'),
('67','natus'),
('68','quasi'),
('69','qui'),
('70','accusamus'),
('71','inventore'),
('72','et'),
('73','ut'),
('74','autem'),
('75','ut'),
('76','eos'),
('77','vero'),
('78','fugiat'),
('79','dolor'),
('80','dicta'),
('81','facilis'),
('82','qui'),
('83','qui'),
('84','harum'),
('85','aliquid'),
('86','sit'),
('87','corrupti'),
('88','ex'),
('89','earum'),
('90','nostrum'),
('91','qui'),
('92','eligendi'),
('93','sit'),
('94','et'),
('95','et'),
('96','temporibus'),
('97','ut'),
('98','ut'),
('99','veniam'),
('100','doloremque'); 


DROP TABLE IF EXISTS `users`;
CREATE TABLE `users` (
  `id` bigint(20) unsigned NOT NULL AUTO_INCREMENT,
  `firstname` varchar(50) COLLATE utf8_unicode_ci DEFAULT NULL,
  `lastname` varchar(50) COLLATE utf8_unicode_ci DEFAULT NULL,
  `password_hash` varchar(100) COLLATE utf8_unicode_ci DEFAULT NULL,
  PRIMARY KEY (`id`)
) ENGINE=InnoDB AUTO_INCREMENT=11 DEFAULT CHARSET=utf8 COLLATE=utf8_unicode_ci;

INSERT INTO `users` VALUES ('1','Darion','Kozey','5d6dd85449983fb5add5eb1b733fd3ee73cbac26'),
('2','Hope','Windler','c50c1695e34cfdc8297ae3d90ad238e2abd2fcda'),
('3','Jaron','Goodwin','03c540c28c6bbade31702a965c41bb8e4967c8d3'),
('4','Sofia','Kuvalis','9eefdc02690a102324ea5cb1ca74c323df062118'),
('5','Garnet','Pfeffer','6206dad390ee912f807f45d4448b690613411a1b'),
('6','Zetta','Anderson','45a59bf43b1b98f70b3815528a308ccf7f362a60'),
('7','Branson','Williamson','f45819e1144221d0b5e78ebfb1a9113dca6055de'),
('8','Nicolas','Wolf','b6a94ee1ba696aa2e5cb163bc76e486a9c51f26c'),
('9','Tyrique','Daugherty','c799f1afdc6bc284c72b9bb3648a5019c4400375'),
('10','Dee','Heidenreich','d155436638ef8fc4a403e1633e3956fd009cc10c'); 




/*!40101 SET SQL_MODE=@OLD_SQL_MODE */;
/*!40014 SET FOREIGN_KEY_CHECKS=@OLD_FOREIGN_KEY_CHECKS */;
/*!40014 SET UNIQUE_CHECKS=@OLD_UNIQUE_CHECKS */;
/*!40101 SET CHARACTER_SET_CLIENT=@OLD_CHARACTER_SET_CLIENT */;
/*!40101 SET CHARACTER_SET_RESULTS=@OLD_CHARACTER_SET_RESULTS */;
/*!40101 SET COLLATION_CONNECTION=@OLD_COLLATION_CONNECTION */;
/*!40111 SET SQL_NOTES=@OLD_SQL_NOTES */;

